City_ID,City_ID,City,Lat,Lng,Max Temp,Humidity,Cloudiness,Wind Speed,Country,Date,Hotel Name
1,1,Hermanus,-34.4187,19.2345,68.81,76,97,13.62,ZA,2022-03-08 05:40:27,Misty Waves Boutique Hotel
4,4,Saint-Joseph,-21.3667,55.6167,83.82,79,99,10.96,RE,2022-03-08 05:40:28,"""Plantation Bed and Breakfast"
5,5,Talara,-4.5772,-81.2719,76.77,80,55,1.9,PE,2022-03-08 05:40:29,Hostal Oro Negro
7,7,Kampene,-3.6,26.6667,70.29,93,49,1.48,CD,2022-03-08 05:40:33,
8,8,Sabha,27.0377,14.4283,61.97,44,1,21.14,LY,2022-03-08 05:40:37,Foundation Taaj Asala for Historical Research and Archeology
9,9,Suez,29.9737,32.5263,61.38,58,96,6.85,EG,2022-03-08 05:40:37,Green House
10,10,Rikitea,-23.1203,-134.9692,79.47,74,3,13.8,PF,2022-03-08 05:40:38,People ThankYou
11,11,Bredasdorp,-34.5322,20.0403,69.12,68,100,6.91,ZA,2022-03-08 05:40:38,Bredasdorp Country Manor
13,13,Carnarvon,-24.8667,113.6333,98.67,30,4,16.11,AU,2022-03-08 05:40:39,Hospitality Carnarvon
16,16,Presidencia Roque Saenz Pena,-26.7852,-60.4388,73.26,89,98,3.71,AR,2022-03-08 05:40:41,Hotel Gualok
17,17,Kabanjahe,3.1001,98.4908,70.56,85,100,2.53,ID,2022-03-08 05:40:42,Kos-Kosan wanita muslim bagoes kabanjahe
20,20,Kapaa,22.0752,-159.319,73.72,75,0,12.66,US,2022-03-08 05:40:44,Sheraton Kauai Coconut Beach Resort
23,23,Atuona,-9.8,-139.0333,78.71,81,19,15.7,PF,2022-03-08 05:40:45,Villa Enata
24,24,Mataura,-46.1927,168.8643,72.14,52,69,5.23,NZ,2022-03-08 05:40:46,Ellie's Villa
26,26,Hirara,24.8,125.2833,68.27,60,75,20.71,JP,2022-03-08 05:40:47,Hotel Atoll Emerald Miyakojima
27,27,New Norfolk,-42.7826,147.0587,62.91,35,66,3.0,AU,2022-03-08 05:40:47,The Shingles Riverside Cottages
29,29,Mount Gambier,-37.8333,140.7667,67.91,49,75,25.32,AU,2022-03-08 05:40:22,The Commodore
30,30,Kazerun,29.6195,51.6541,68.2,43,64,7.87,IR,2022-03-08 05:40:49,آپارتمان بزرگ اویسا
31,31,Fare,-16.7,-151.0167,81.41,74,69,14.58,PF,2022-03-08 05:40:49,Maitai Lapita Village Huahine
32,32,Harper,4.375,-7.7169,79.3,88,39,4.25,LR,2022-03-08 05:40:50,Screensaver
33,33,East London,-33.0153,27.9116,72.54,94,40,9.22,ZA,2022-03-08 05:39:50,Tu Casa
35,35,Hithadhoo,-0.6,73.0833,83.12,68,55,10.94,MV,2022-03-08 05:40:51,Scoop Guest House
36,36,Port Alfred,-33.5906,26.891,73.22,83,100,8.43,ZA,2022-03-08 05:40:52,The Halyards Hotel
37,37,Sao Luis Do Quitunde,-9.3183,-35.5611,74.64,83,22,1.86,BR,2022-03-08 05:40:52,Sao dos satos lins
39,39,Mahebourg,-20.4081,57.7,82.26,89,75,3.44,MU,2022-03-08 05:40:54,Shandrani Beachcomber Resort & Spa
41,41,Puerto Ayora,-0.7393,-90.3518,74.55,99,87,3.78,EC,2022-03-08 05:40:55,Finch Bay Galapagos Hotel
43,43,Chumphon,10.3333,98.8333,75.31,69,100,7.52,TH,2022-03-08 05:41:56,สกาน จ๋า.
48,48,Vaini,-21.2,-175.2,77.16,100,100,1.14,TO,2022-03-08 05:41:59,Keleti Beach Resort
49,49,Burnie,-41.0667,145.9167,69.93,52,56,7.25,AU,2022-03-08 05:41:59,Beachfront Voyager Motor Inn
50,50,Vila Velha,-20.3297,-40.2925,73.35,94,20,1.14,BR,2022-03-08 05:37:43,Hotel Vitória Palace
51,51,Buala,-8.145,159.5921,83.55,72,96,2.53,SB,2022-03-08 05:42:00,Maringe Lagoon Lodge
53,53,Avera,33.194,-82.5271,66.07,83,95,6.82,US,2022-03-08 05:42:01,
54,54,Sao Joao Da Barra,-21.6403,-41.0511,75.94,88,2,8.86,BR,2022-03-08 05:42:02,Pousada Porto De Canoas
55,55,Kohima,25.6667,94.1167,70.57,20,0,4.85,IN,2022-03-08 05:42:03,The Homestay
56,56,Bathsheba,13.2167,-59.5167,75.81,78,75,14.97,BB,2022-03-08 05:42:03,Atlantis Hotel
57,57,Upata,8.0086,-62.3989,70.2,95,100,2.84,VE,2022-03-08 05:42:04,Posada Villa Nela
58,58,Birin,26.8865,88.0718,75.04,19,0,7.31,NP,2022-03-08 05:42:04,Sangam hotel and lodge
59,59,Lorengau,-2.0226,147.2712,84.45,72,100,8.1,PG,2022-03-08 05:42:05,Lorengau Harbourside Hotel
60,60,Dabhol,17.6,73.1667,91.04,33,1,6.4,IN,2022-03-08 05:42:05,Ashwamedh Resort
62,62,The Valley,18.217,-63.0578,76.86,74,2,21.39,AI,2022-03-08 05:42:06,CeBlue Villas & Beach Resort
64,64,Pointe Michel,15.25,-61.3833,76.55,74,9,16.84,DM,2022-03-08 05:42:08,Castle Comfort Lodge Dive Dominica
65,65,Mayumba,-3.432,10.6554,79.99,88,100,5.64,GA,2022-03-08 05:42:08,LIKWALE LODGE
66,66,Broken Hill,-31.95,141.4333,76.71,41,30,21.85,AU,2022-03-08 05:42:09,Royal Exchange Hotel
67,67,Avarua,-21.2078,-159.775,73.45,100,75,4.61,CK,2022-03-08 05:42:10,Paradise Inn
70,70,Karratha,-20.7377,116.8463,97.05,38,4,16.75,AU,2022-03-08 05:42:11,ibis Styles Karratha
71,71,Ponta Do Sol,32.6667,-17.1,62.06,72,85,5.88,PT,2022-03-08 05:42:12,Hotel do Campo
75,75,Namatanai,-3.6667,152.4333,83.7,68,97,7.67,PG,2022-03-08 05:42:14,Seagulls Inn Namatani
76,76,Capitao Poco,-1.7464,-47.0594,71.73,99,100,2.33,BR,2022-03-08 05:42:14,Hotel New Tokyo
77,77,Puerto Baquerizo Moreno,-0.9,-89.6,78.13,83,67,9.1,EC,2022-03-08 05:42:15,Hotel los Algarrobos
78,78,Falam,22.9167,93.6833,83.32,23,10,2.57,MM,2022-03-08 05:42:15,Falang Government Guesthouse
79,79,Tucuman,-26.8241,-65.2226,64.4,88,100,0.0,AR,2022-03-08 05:37:47,Dallas Hotel Tucuman
80,80,Tecoanapa,16.5167,-98.75,75.49,72,64,4.18,MX,2022-03-08 05:42:16,Hotel Manglares
83,83,Port Elizabeth,-33.918,25.5701,71.1,100,75,6.91,ZA,2022-03-08 05:42:17,39 On Nile Guest House
85,85,Libertador General San Martin,-23.8064,-64.7876,71.98,99,100,0.78,AR,2022-03-08 05:42:19,Posada del Sol
86,86,Gulu,2.7746,32.299,79.11,55,86,8.77,UG,2022-03-08 05:42:19,ACHOLI INN
87,87,Georgetown,5.4112,100.3354,87.75,74,20,8.05,MY,2022-03-08 05:42:20,Cititel Penang
89,89,Busselton,-33.65,115.3333,89.04,39,26,6.42,AU,2022-03-08 05:43:21,Observatory Guest House
92,92,Pati,-6.7559,111.038,82.56,79,100,1.9,ID,2022-03-08 05:43:23,SPOT ON 2865 Sartika Inn Pati
94,94,Tignere,7.3667,12.65,70.81,56,92,3.15,CM,2022-03-08 05:43:24,SADECK
95,95,Cape Town,-33.9258,18.4232,66.11,81,0,13.8,ZA,2022-03-08 05:42:36,"Radisson Blu Hotel Waterfront, Cape Town"
96,96,Islamkot,24.6997,70.177,91.11,13,0,9.31,PK,2022-03-08 05:43:25,Haji Hotel
97,97,Hobart,-42.8794,147.3294,63.27,47,40,17.27,AU,2022-03-08 05:43:25,St Ives Hobart Accommodation Tasmania
98,98,Pundaguitan,6.3711,126.1689,80.76,81,69,8.19,PH,2022-03-08 05:43:26,Leonardo Family Beach House 1
101,101,Kollam,8.8833,76.6,85.87,59,39,4.29,IN,2022-03-08 05:43:28,The Raviz Ashtamudi
102,102,Labuhan,-6.8844,112.2051,86.09,69,99,4.47,ID,2022-03-08 05:43:28,DoubleFAG
108,108,Tezu,27.9167,96.1667,92.71,12,0,5.1,IN,2022-03-08 05:43:31,Circuit House
110,110,Samarai,-10.6167,150.6667,86.31,70,63,14.18,PG,2022-03-08 05:43:32,Nuli Sapi
111,111,Hervey Bay,-25.2986,152.8535,87.91,83,2,13.76,AU,2022-03-08 05:43:33,Shelly Bay Resort
113,113,Bosaso,11.2842,49.1816,76.98,65,0,24.16,SO,2022-03-08 05:43:33,Red Sea Hotel
118,118,Pastos Bons,-6.6017,-44.0767,69.84,97,94,2.51,BR,2022-03-08 05:43:36,Área de lazer casa (Pucina)
119,119,Thinadhoo,0.5333,72.9333,82.87,70,24,10.13,MV,2022-03-08 05:43:37,
121,121,Mumford,5.2618,-0.759,78.84,89,75,4.52,GH,2022-03-08 05:43:38,Spanish Villa
122,122,Adeje,28.1227,-16.726,60.31,64,20,6.91,ES,2022-03-08 05:43:39,Gran Tacande Wellness & Relax
124,124,Galle,6.0367,80.217,84.56,67,22,5.95,LK,2022-03-08 05:43:40,Amangalla
128,128,Tuatapere,-46.1333,167.6833,70.5,59,57,2.42,NZ,2022-03-08 05:43:42,Ron and Tony's Bed & Breakfast
129,129,Dharmanagar,24.3667,92.1667,96.19,17,0,3.24,IN,2022-03-08 05:43:42,Juri Lodge
131,131,Sur,22.5667,59.5289,85.73,33,0,9.04,OM,2022-03-08 05:43:43,Sur Plaza Hotel
134,134,Bengkulu,-3.8004,102.2655,84.94,64,79,7.02,ID,2022-03-08 05:44:45,Grage Hotel Bengkulu
138,138,Bluff,-46.6,168.3333,64.36,78,68,3.06,NZ,2022-03-08 05:44:47,Bluff Homestead - Guesthouse & Campervan Park
141,141,Cabo San Lucas,22.8909,-109.9124,67.51,70,0,6.53,MX,2022-03-08 05:43:49,Hotel Tesoro Los Cabos
143,143,Hobyo,5.3505,48.5268,81.72,59,10,16.6,SO,2022-03-08 05:44:50,Halane Hotel and Restaurent
144,144,Port Lincoln,-34.7333,135.8667,65.68,64,82,21.74,AU,2022-03-08 05:44:51,Port Lincoln Hotel
145,145,Adwa,14.1646,38.8955,73.31,17,81,3.96,ET,2022-03-08 05:44:51,Maay Assa Hotel
146,146,Manaure,11.7751,-72.4445,76.73,78,26,11.21,CO,2022-03-08 05:44:52,Hotel Palaaima
147,147,Alofi,-19.0595,-169.9187,82.29,83,70,4.61,NU,2022-03-08 05:44:52,Taloa Heights
148,148,Ngunguru,-35.6167,174.5,70.16,75,31,13.8,NZ,2022-03-08 05:44:53,Pacific Rendezvous Motel Resort
150,150,Fougamou,-1.2154,10.5838,75.88,97,100,0.98,GA,2022-03-08 05:44:54,Résidence d'Hôtes Bapedy
152,152,Rawson,-43.3002,-65.1023,60.12,68,35,9.48,AR,2022-03-08 05:44:55,Hosteria Sampedro
153,153,Sokolo,14.7328,-6.1219,67.24,18,43,10.96,ML,2022-03-08 05:44:55,
154,154,Fomboni,-12.28,43.7425,83.03,73,45,7.99,KM,2022-03-08 05:44:56,Auberge les abou
155,155,Saint-Philippe,-21.3585,55.7679,84.83,83,99,11.41,RE,2022-03-08 05:44:56,"Chambres d'hôte ""La Trinité"""
156,156,Auki,-8.7676,160.7034,82.27,80,100,1.16,SB,2022-03-08 05:44:57,Auki Motel
161,161,Souillac,-20.5167,57.5167,82.36,89,75,3.44,MU,2022-03-08 05:45:00,Shanti Maurice Resort & Spa
162,162,Ananindeua,-1.3656,-48.3722,76.91,94,40,3.44,BR,2022-03-08 05:45:00,Casa de Retiro Preciosinas
163,163,Namibe,-15.1961,12.1522,72.55,66,67,4.05,AO,2022-03-08 05:45:01,Hotel Chik Chik Namibe
168,168,Kutum,14.2,24.6667,73.58,14,99,4.52,SD,2022-03-08 05:45:04,Dibbo areaمنطقة دبو
170,170,Beira,-19.8436,34.8389,82.49,78,40,2.3,MZ,2022-03-08 05:45:05,Beira Terrace Hotel
171,171,Felipe Carrillo Puerto,19.5833,-88.05,71.35,99,6,2.19,MX,2022-03-08 05:45:05,Hotel La Ceiba
174,174,Saldanha,-33.0117,17.9442,60.85,84,0,10.94,ZA,2022-03-08 05:45:07,Blue Bay Lodge
177,177,Hongjiang,27.11,109.9956,73.87,38,0,6.4,CN,2022-03-08 05:45:08,洪江大酒店
180,180,Castro,-24.7911,-50.0119,64.63,88,48,1.45,BR,2022-03-08 05:46:09,CHACARA BAILLY
183,183,Kruisfontein,-34.0033,24.7314,68.88,84,96,3.51,ZA,2022-03-08 05:46:11,Oyster Bay House Rental
185,185,Padang,-0.9492,100.3543,87.85,64,89,6.17,ID,2022-03-08 05:43:31,Mercure Padang
186,186,Wanning,18.8003,110.3967,72.91,52,27,12.64,CN,2022-03-08 05:46:12,Paradise Hotel
188,188,Eyl,7.9803,49.8164,80.35,55,22,14.85,SO,2022-03-08 05:46:14,Amiin Hotel
189,189,Hanumangarh,29.5833,74.3167,84.58,21,6,6.67,IN,2022-03-08 05:46:15,SPOT ON 66636 Cps Resorts
190,190,Kavieng,-2.5744,150.7967,83.88,71,99,8.23,PG,2022-03-08 05:46:15,Nusa Island Retreat
191,191,Sigli,5.3848,95.9609,82.62,74,92,8.77,ID,2022-03-08 05:46:16,Losmen Dua Mali
192,192,Santa Maria,-29.6842,-53.8069,68.11,94,80,1.72,BR,2022-03-08 05:46:16,Hotel Morotin
194,194,Mapiripan,2.8892,-72.1256,76.08,66,72,3.62,CO,2022-03-08 05:46:17,Monserrate
197,197,Alice Springs,-23.7,133.8833,85.55,21,0,13.8,AU,2022-03-08 05:44:18,Desert Palms Alice Springs
199,199,Careiro Da Varzea,-3.2003,-59.8119,75.81,97,100,4.16,BR,2022-03-08 05:46:20,POUSADA DA ALDENORA
200,200,Huarmey,-10.0681,-78.1522,73.83,73,99,3.42,PE,2022-03-08 05:46:21,Hotel Miramar
201,201,Banfora,10.6333,-4.7667,78.51,17,9,7.4,BF,2022-03-08 05:46:22,Residences David Hebié
203,203,Ambilobe,-13.2,49.05,81.12,85,100,4.83,MG,2022-03-08 05:46:23,Hôtel & Restaurant DIANA Ambilobe
204,204,Lashio,22.9333,97.75,91.81,21,30,4.81,MM,2022-03-08 05:46:23,Hotel CF Lashio - Burmese Only
211,211,Butaritari,3.0707,172.7902,80.71,82,91,16.93,KI,2022-03-08 05:46:27,Isles Sunset Lodge
216,216,Viedma,-40.8135,-62.9967,61.77,55,39,7.87,AR,2022-03-08 05:46:30,Hotel Cristal
217,217,Bilma,18.6853,12.9164,79.52,12,97,11.25,NE,2022-03-08 05:46:31,Expeditions Ténére voyages
218,218,Rio Grande,-32.035,-52.0986,68.11,86,77,5.12,BR,2022-03-08 05:44:52,Hotel Atlântico Rio Grande
219,219,Sambava,-14.2667,50.1667,80.76,78,100,5.1,MG,2022-03-08 05:46:32,Melrose
221,221,Abonnema,4.7084,6.7931,79.92,85,99,2.82,NG,2022-03-08 05:46:33,Corper's Lodge Obonoma
228,228,Saint-Pierre,-21.3393,55.4781,85.91,68,99,2.3,RE,2022-03-08 05:47:36,Lindsey Hôtel
231,231,Cabedelo,-6.9811,-34.8339,75.87,80,80,6.89,BR,2022-03-08 05:47:37,Hotel Pigalle
232,232,Bac Lieu,9.285,105.7244,87.28,54,38,20.51,VN,2022-03-08 05:47:38,Khách sạn Sài Gòn Bạc Liêu
233,233,Aripuana,-9.1667,-60.6333,71.76,100,100,2.57,BR,2022-03-08 05:47:38,
234,234,Sola,-13.8833,167.55,83.98,71,75,7.7,VU,2022-03-08 05:47:39,Leumerus Bungalows
235,235,Mattru,7.6244,-11.8332,73.71,79,5,1.16,SL,2022-03-08 05:47:40,"Mondkor Town, Bagbo Chiefdom, Bo District"
236,236,Tabas,33.5959,56.9244,61.02,63,40,2.3,IR,2022-03-08 05:47:40,شرکت معماری مهراز شایگان آراد
237,237,Hilo,19.7297,-155.09,70.25,91,63,1.01,US,2022-03-08 05:47:41,Hilo Hawaiian Hotel
239,239,Saint-Louis,16.3333,-15.0,67.37,19,84,10.89,SN,2022-03-08 05:47:46,
241,241,Dingle,10.9995,122.6711,85.84,65,67,12.75,PH,2022-03-08 05:47:47,SEGAYA PROPERTY
242,242,Monrovia,6.3005,-10.7969,76.77,93,18,4.83,LR,2022-03-08 05:47:47,Sunset Inn
243,243,Young,-32.6833,-57.6333,60.22,74,59,7.47,UY,2022-03-08 05:47:48,Posada Gira el Sol
246,246,Dunedin,-45.8742,170.5036,63.81,72,13,8.01,NZ,2022-03-08 05:47:39,Scenic Hotel Southern Cross
247,247,Arraial Do Cabo,-22.9661,-42.0278,76.23,89,56,20.09,BR,2022-03-08 05:47:50,Pousada Porto Praia
248,248,Te Anau,-45.4167,167.7167,66.56,62,40,7.02,NZ,2022-03-08 05:47:50,Kingsgate Hotel Te Anau
251,251,Lamu,-2.2717,40.902,82.62,71,17,10.31,KE,2022-03-08 05:47:52,Lamu House
254,254,Kloulklubed,7.0419,134.2556,84.7,76,40,10.09,PW,2022-03-08 05:47:53,Storyboard Beach Resort
256,256,Tolaga Bay,-38.3667,178.3,66.4,73,26,5.86,NZ,2022-03-08 05:47:54,Tolaga Bay Motel
259,259,Moyale,3.5167,39.0584,75.94,42,3,7.45,KE,2022-03-08 05:47:56,La Tahzan Guest House
260,260,Bambous Virieux,-20.3428,57.7575,82.22,89,75,3.44,MU,2022-03-08 05:47:56,Casa Tia Villa
261,261,Port Blair,11.6667,92.75,87.84,62,75,4.61,IN,2022-03-08 05:47:57,"Welcomhotel By ITC Hotels, Bay Island, Port Blair"
263,263,Kaitangata,-46.2817,169.8464,62.96,81,29,5.21,NZ,2022-03-08 05:47:59,Kaitangata Motor Camp
264,264,Mahibadhoo,3.7833,72.9667,81.63,71,87,7.94,MV,2022-03-08 05:48:00,Omadhoo Inn
266,266,Pedasi,7.5333,-80.0333,76.06,86,38,11.77,PA,2022-03-08 05:48:01,Selina Pedasi
267,267,Jumla,29.2747,82.1838,62.38,14,5,4.05,NP,2022-03-08 05:48:02,Royal Garden Hotel
269,269,Champerico,14.3,-91.9167,84.34,74,34,10.29,GT,2022-03-08 05:48:03,"Hotel y restaurante ""El Diamante"""
271,271,Faanui,-16.4833,-151.75,82.08,73,96,14.72,PF,2022-03-08 05:48:04,Bora-Bora Pearl Beach Resort & Spa
274,274,Ciudad Bolivar,8.1222,-63.5497,75.43,79,94,10.54,VE,2022-03-08 05:44:33,Hotel Edi
275,275,Eydhafushi,5.1033,73.0708,81.7,73,85,8.37,MV,2022-03-08 05:48:06,Soneva Fushi
276,276,Davila,18.4726,120.5763,85.98,76,57,29.1,PH,2022-03-08 05:49:07,Blue Ridge Beach Resort
281,281,Luanda,-8.8368,13.2343,78.8,83,75,4.61,AO,2022-03-08 05:49:10,EPIC SANA Luanda
283,283,Soyo,-6.1349,12.3689,79.88,83,100,4.59,AO,2022-03-08 05:49:11,Hotel Mpampa
284,284,Manacapuru,-3.2997,-60.6206,73.98,96,100,4.0,BR,2022-03-08 05:49:12,Novo Hotel
285,285,Pukhrayan,26.2333,79.85,87.42,17,75,8.01,IN,2022-03-08 05:49:12,Raj Guest House And Restaurant.
287,287,Namikupa,-10.8333,39.6,77.56,87,82,1.03,TZ,2022-03-08 05:49:13,
289,289,Ippy,6.2679,21.2247,80.73,43,100,3.13,CF,2022-03-08 05:49:14,
290,290,Byron Bay,-28.65,153.6167,86.05,58,12,2.57,AU,2022-03-08 05:49:14,Backpackers Inn
292,292,Carutapera,-1.195,-46.02,75.18,94,100,4.61,BR,2022-03-08 05:49:15,Lidera
294,294,Nouadhibou,20.931,-17.0347,60.78,67,75,27.63,MR,2022-03-08 05:49:16,El Medina
295,295,Bathurst,-33.4166,149.5806,68.83,87,100,12.8,AU,2022-03-08 05:46:20,Bathurst Motor Inn
296,296,Chuy,-33.6971,-53.4616,62.51,80,99,5.93,UY,2022-03-08 05:49:17,Nuevo Hotel Plaza
297,297,Mar Del Plata,-38.0023,-57.5575,62.1,82,0,8.05,AR,2022-03-08 05:49:11,Gran Hotel Mar del Plata
301,301,Maragogi,-9.0122,-35.2225,75.13,84,37,4.25,BR,2022-03-08 05:49:19,Salinas do Maragogi All Inclusive Resort
302,302,Gondar,12.6,37.4667,73.35,20,89,3.06,ET,2022-03-08 05:49:20,L Shape Hotel
303,303,Yeppoon,-23.1333,150.7333,96.58,55,22,16.51,AU,2022-03-08 05:49:21,Villa Mar Colina
305,305,Manali,13.1667,80.2667,89.69,69,63,9.57,IN,2022-03-08 05:49:22,Sarathy Lodge
308,308,Gawler,-34.6,138.7333,75.25,48,0,15.23,AU,2022-03-08 05:45:05,Eagle Foundry Bed & Breakfast
310,310,Mandera,3.9366,41.867,83.21,45,40,10.65,KE,2022-03-08 05:49:24,Mwalimu Guest mandera
313,313,Batemans Bay,-35.7167,150.1833,68.99,97,100,21.65,AU,2022-03-08 05:49:26,Batemans Bay Marina Resort
315,315,Nabire,-3.3667,135.4833,84.78,63,96,3.89,ID,2022-03-08 05:49:28,Hotel Nusantara Nabire
316,316,Dodoma,-6.1722,35.7395,72.03,78,45,2.1,TZ,2022-03-08 05:46:13,Royal Village Hotel
320,320,Luena,-11.7833,19.9167,63.79,93,100,3.87,AO,2022-03-08 05:50:31,Hotel Kandamba
321,321,Touros,-5.1989,-35.4608,76.1,87,99,9.6,BR,2022-03-08 05:50:31,INN NEW HORIZON
323,323,Isangel,-19.55,169.2667,81.93,80,69,6.93,VU,2022-03-08 05:50:32,Tanna Lodge
324,324,Vao,-22.6667,167.4833,80.11,71,42,2.46,NC,2022-03-08 05:50:33,Hotel Kou-Bugny
335,335,Progreso,21.2833,-89.6667,79.11,76,3,8.52,MX,2022-03-08 05:47:31,Playa Linda Hotel
337,337,Itaituba,-4.2761,-55.9836,72.37,100,100,0.74,BR,2022-03-08 05:50:39,Hotel Campos
339,339,Catuday,16.2923,119.8062,79.2,70,51,13.67,PH,2022-03-08 05:50:40,Benjie's Kubo & Cottages
340,340,Hualmay,-11.0964,-77.6139,73.27,76,97,4.5,PE,2022-03-08 05:50:41,Hotel Villa Kitzia Huacho
341,341,Nueva Gerona,21.8833,-82.8,75.61,83,0,6.15,CU,2022-03-08 05:50:42,Villa Gerona
347,347,Bubaque,11.2833,-15.8333,77.85,55,49,11.95,GW,2022-03-08 05:50:44,"Casa Dora, Bubaque"
351,351,Penugonda,16.6667,81.7333,86.38,28,3,1.68,IN,2022-03-08 05:50:46,Prudhvi house
352,352,Victoria,22.2855,114.1577,70.03,44,2,10.0,HK,2022-03-08 05:50:15,Mini Hotel Central
353,353,Cap Malheureux,-19.9842,57.6142,81.46,82,54,7.0,MU,2022-03-08 05:50:47,Pereybere Hotel & Spa
354,354,Antofagasta,-23.65,-70.4,65.48,84,27,0.31,CL,2022-03-08 05:50:29,"Holiday Inn Express Antofagasta, an IHG Hotel"
357,357,Port Moresby,-9.4431,147.1797,87.22,66,40,17.27,PG,2022-03-08 05:50:49,Lamana Hotel (Port Moresby)
358,358,Magdalena,14.1999,121.429,89.42,64,54,12.75,PH,2022-03-08 05:50:50,Samparada & Gestiada Residences
359,359,Buenos Aires,-34.6132,-58.3772,67.73,67,0,4.61,AR,2022-03-08 05:50:11,Hotel NH Buenos Aires City
364,364,Dalbandin,28.8947,64.4101,74.01,26,75,17.45,PK,2022-03-08 05:51:53,Sanjrani House
366,366,Sao Filipe,14.8961,-24.4956,70.09,69,46,10.18,CV,2022-03-08 05:51:54,Hotel Xaguate
367,367,Cayenne,4.9333,-52.3333,75.09,92,75,4.0,GF,2022-03-08 05:51:55,Hôtel Le Dronmi
368,368,Paranagua,-25.52,-48.5092,78.49,98,92,3.71,BR,2022-03-08 05:51:55,Hotel Camboa Paranaguá
369,369,Cidreira,-30.1811,-50.2056,71.87,93,95,6.8,BR,2022-03-08 05:51:56,Hotel Castelo
370,370,Sibu,2.3,111.8167,89.91,62,40,2.3,MY,2022-03-08 05:51:56,RH HOTEL (4 Star)
377,377,Naifaru,5.4444,73.3657,81.93,71,94,8.95,MV,2022-03-08 05:52:00,Naifaru Residence Guest House
378,378,Sassandra,4.95,-6.0833,77.34,94,28,2.66,CI,2022-03-08 05:52:00,la terrasse
379,379,Sayaxche,16.5167,-90.1667,69.55,96,1,4.07,GT,2022-03-08 05:52:01,Hotel y Auto Hotel Arizona
380,380,Yulara,-25.2406,130.9889,87.64,20,0,4.61,AU,2022-03-08 05:52:01,Desert Gardens Hotel - Ayers Rock Resort
384,384,Jiangyou,31.7667,104.7167,71.26,46,16,4.63,CN,2022-03-08 05:52:04,Shangping Shuyuan Inn
386,386,Christchurch,-43.5333,172.6333,66.94,77,75,18.41,NZ,2022-03-08 05:48:42,The George
389,389,Ariyalur,11.1333,79.0833,86.16,46,84,8.19,IN,2022-03-08 05:52:11,BERGAMONT HOTEL
390,390,Oudtshoorn,-33.5907,22.2014,64.76,81,96,3.0,ZA,2022-03-08 05:52:11,Earthbound Guest House
392,392,Ambon,-3.6954,128.1814,89.74,62,40,17.27,ID,2022-03-08 05:52:12,Swiss-Belhotel Ambon
395,395,Jutai,-5.1833,-68.9,72.23,96,100,0.81,BR,2022-03-08 05:52:14,
396,396,Nawa,27.0167,75.0,84.88,19,85,12.71,IN,2022-03-08 05:52:14,"Sambharia Bhawan,Kuchaman Road,Nawa City"
397,397,Pisco,-13.7,-76.2167,73.45,83,75,3.44,PE,2022-03-08 05:52:15,Hotel San Isidro Oficial
399,399,Barmer,25.75,71.3833,87.93,15,1,11.83,IN,2022-03-08 05:52:16,OYO 71911 Hotel Amber Palace
404,404,Faya,18.3851,42.4509,64.51,41,5,2.53,SA,2022-03-08 05:52:18,املاك خالد الشعشوع
407,407,Cockburn Town,21.4612,-71.1419,77.09,75,0,21.63,TC,2022-03-08 05:52:20,Osprey Beach Hotel
409,409,San Andres,12.5847,-81.7006,80.62,78,20,11.5,CO,2022-03-08 05:53:21,Hotel Arena Blanca
410,410,Katete,-0.7818,29.7544,67.32,82,22,2.01,UG,2022-03-08 05:53:22,
411,411,Xapuri,-10.6517,-68.5044,71.73,99,100,1.86,BR,2022-03-08 05:53:22,Pousada dos Chapurys
412,412,Basco,20.4487,121.9702,69.94,66,41,29.64,PH,2022-03-08 05:53:22,Nathaniel's Lodge
415,415,Bajil,15.0584,43.2851,78.75,57,73,3.76,YE,2022-03-08 05:53:24,فندق حضرموت
416,416,Kahului,20.8947,-156.47,75.22,71,20,9.22,US,2022-03-08 05:50:59,Maui Seaside Hotel
417,417,Japura,-0.3167,102.35,84.97,76,98,2.71,ID,2022-03-08 05:53:25,Rumah mbah Jamah
418,418,Kota Belud,6.351,116.4305,87.66,73,100,4.05,MY,2022-03-08 05:53:25,Tang Dynasty Lodge Kota Belud
420,420,Alyangula,-13.8483,136.4192,94.87,52,86,8.05,AU,2022-03-08 05:53:26,Groote Eylandt Lodge
423,423,Kikwit,-5.041,18.8162,72.88,91,81,2.44,CD,2022-03-08 05:53:27,HOTEL PLACE YALABA
426,426,Codrington,-38.2667,141.9667,62.64,55,32,21.52,AU,2022-03-08 05:53:28,Codrington Gardens Bed And Breakfast
427,427,Harrai,22.6167,79.2167,87.22,14,74,5.17,IN,2022-03-08 05:53:29,काव्या बुटिक
429,429,Puerto Carreno,6.189,-67.4859,79.48,54,65,10.92,CO,2022-03-08 05:53:30,Casa Hotel Victoria
430,430,George,-33.963,22.4617,65.75,100,100,2.3,ZA,2022-03-08 05:53:30,Protea Hotel by Marriott George King George
431,431,Aswan,24.0934,32.907,61.9,33,0,6.91,EG,2022-03-08 05:53:31,Nuba Nile
432,432,Kuito,-12.3833,16.9333,62.29,90,100,1.86,AO,2022-03-08 05:53:31,Herdeiros de Antunes Capusso
436,436,Novo Aripuana,-5.1206,-60.3797,72.37,99,93,2.01,BR,2022-03-08 05:53:33,Hotel Ezequiel
439,439,Victor Harbor,-35.5667,138.6167,72.81,75,87,4.0,AU,2022-03-08 05:49:07,McCracken Country Club
440,440,Ratnagiri,16.9833,73.3,89.47,40,2,8.68,IN,2022-03-08 05:53:35,Hotel Landmark
441,441,Nelson Bay,-32.7167,152.15,77.11,75,11,1.01,AU,2022-03-08 05:53:35,Mantra Nelson Bay
448,448,Gidole,5.65,37.3667,69.4,29,9,2.59,ET,2022-03-08 05:53:38,Shallom mekaneyesus church
449,449,Daru,-9.0763,143.2092,84.78,71,100,7.54,PG,2022-03-08 05:53:39,Daru Lodge
452,452,Buta,2.7858,24.73,78.03,70,45,2.73,CD,2022-03-08 05:53:40,HOTEL BISO NA BISO
455,455,Hampton,37.0299,-76.3452,68.0,83,100,17.27,US,2022-03-08 05:53:42,Embassy Suites by Hilton Hampton Convention Center
456,456,Bogande,12.9714,-0.1436,75.88,9,59,11.77,BF,2022-03-08 05:53:42,Auberge Wendkouni
458,458,Vanimo,-2.6741,141.3028,79.5,86,95,4.97,PG,2022-03-08 05:54:44,Vahmoneh Lodge Vanimo
465,465,Port Augusta,-32.5,137.7667,85.71,33,0,24.96,AU,2022-03-08 05:54:46,Majestic Oasis Apartments
466,466,Matara,5.9485,80.5353,89.53,54,37,4.7,LK,2022-03-08 05:54:47,Amaloh Boutique Resort
468,468,Lere,10.387,8.5726,74.14,53,93,2.08,NG,2022-03-08 05:54:48,
469,469,Meulaboh,4.1363,96.1285,76.69,93,100,6.42,ID,2022-03-08 05:54:49,Kost Pria
470,470,Veracruz,19.3333,-96.6667,69.87,88,61,0.56,MX,2022-03-08 05:54:11,El Carrizal
473,473,Casa Nova,-9.4167,-41.1333,75.18,68,95,15.3,BR,2022-03-08 05:54:50,LÔRO BEACH. DUNAS
474,474,Mogadishu,2.0371,45.3438,82.27,74,75,16.11,SO,2022-03-08 05:50:44,Hotel Juba
475,475,Eirunepe,-6.6603,-69.8736,69.13,99,97,0.11,BR,2022-03-08 05:54:51,Atrás de você
476,476,Nyimba,-14.5566,30.8149,72.12,90,24,4.74,ZM,2022-03-08 05:54:52,Dali Dali Lodge
479,479,Nueva Loja,0.0847,-76.8828,71.42,100,100,1.19,EC,2022-03-08 05:54:53,Limoncocha Great Hotel
483,483,Correntina,-13.3433,-44.6367,70.2,80,95,1.16,BR,2022-03-08 05:54:55,Hotel Pousada dos Sonhos
484,484,Bonfim,3.0833,-59.95,74.91,85,94,5.17,BR,2022-03-08 05:54:55,
486,486,Naze,28.3667,129.4833,63.52,51,3,12.93,JP,2022-03-08 05:54:56,Shishime Hotel
488,488,Katsina,12.9894,7.6006,74.26,23,24,7.96,NG,2022-03-08 05:54:57,Katsina Motel
489,489,Launceston,-41.45,147.1667,68.61,41,91,16.11,AU,2022-03-08 05:54:58,Hotel Grand Chancellor Launceston
490,490,Uthal,25.8072,66.6219,85.32,25,15,4.14,PK,2022-03-08 05:54:58,Al-Mustafa Hotel
491,491,Jeremie,18.65,-74.1167,75.0,81,0,3.94,HT,2022-03-08 05:54:59,Auberge’Inn
493,493,Domoni,-12.2569,44.5319,82.99,79,97,5.93,KM,2022-03-08 05:55:00,Al Djadid
495,495,Dongkan,33.9997,119.8308,67.98,32,0,7.47,CN,2022-03-08 05:55:01,Triumphal Resort
498,498,Lethem,3.3803,-59.7968,73.4,92,98,8.12,GY,2022-03-08 05:55:03,Savannah Inn
499,499,Cayhagan,9.6697,122.4256,84.02,71,100,13.0,PH,2022-03-08 05:55:04,Melrose Beach Resort
501,501,Mandali,33.7499,45.5541,61.77,48,4,12.08,IQ,2022-03-08 05:55:05,قرئ الشيخ سحاب الندا
502,502,Kununurra,-15.7667,128.7333,96.78,49,97,4.61,AU,2022-03-08 05:55:05,Hotel Kununurra
505,505,Quatre Cocos,-20.2078,57.7625,81.09,80,80,10.11,MU,2022-03-08 05:56:11,Sunrise Attitude Hotel
506,506,Maralal,1.0968,36.698,69.06,44,22,8.32,KE,2022-03-08 05:56:12,Ngari Hill Ecolodge
510,510,Hambantota,6.1241,81.1185,89.94,66,20,10.36,LK,2022-03-08 05:56:14,Bungalow 63
514,514,Waingapu,-9.6567,120.2641,83.34,77,78,3.11,ID,2022-03-08 05:56:16,Pondok Wisata Elim
515,515,Farafenni,13.5667,-15.6,73.78,11,14,9.33,GM,2022-03-08 05:56:17,Eddy's Hotel
518,518,Nautla,20.2167,-96.7833,72.77,95,44,8.61,MX,2022-03-08 05:56:18,Casa Blanca
519,519,Kavaratti,10.5669,72.642,81.57,70,13,3.98,IN,2022-03-08 05:56:19,Hotels in Lakshadweep Islands
520,520,Airai,-8.9266,125.4092,63.52,94,98,0.45,TL,2022-03-08 05:56:19,
521,521,Pailon,-17.65,-62.75,76.1,99,59,3.24,BO,2022-03-08 05:56:20,Alojamiento pailon
522,522,Muzaffarabad,34.37,73.4711,67.78,49,72,3.49,PK,2022-03-08 05:56:20,Pearl Continental Muzaffarabad
523,523,Gorom-Gorom,14.4439,-0.2361,71.01,10,40,12.17,BF,2022-03-08 05:56:21,
526,526,Kaeo,-35.1,173.7833,70.32,84,44,10.96,NZ,2022-03-08 05:56:22,Bushido Lodge
527,527,Yola,9.2,12.4833,82.89,39,80,3.24,NG,2022-03-08 05:56:23,Muna Hotel
528,528,Pitimbu,-7.4706,-34.8086,75.79,79,78,3.27,BR,2022-03-08 05:56:23,Reserva do Abiaí
529,529,Conceicao Do Araguaia,-8.2578,-49.2647,70.07,95,87,2.35,BR,2022-03-08 05:56:24,Tarumã Tropical Hotel
534,534,Kirakira,-10.4544,161.9205,84.76,76,99,7.99,SB,2022-03-08 05:56:26,SanBiz Lodge
536,536,Kupang,-10.1667,123.5833,80.65,82,100,3.44,ID,2022-03-08 05:56:28,Hotel On The Rock by Prasanthi
537,537,Paredon,16.0333,-93.8667,77.63,69,76,2.24,MX,2022-03-08 05:56:28,Hotel Principal Paredon
540,540,Kieta,-6.2167,155.6333,83.68,73,59,3.56,PG,2022-03-08 05:56:29,Uruna Bay Retreat
541,541,Sao Francisco De Paula,-29.4481,-50.5836,64.69,97,89,2.91,BR,2022-03-08 05:56:30,Hotel Village da Serra
542,542,Omboue,-1.5746,9.2618,78.91,88,100,3.29,GA,2022-03-08 05:56:31,Hotel Olako
543,543,Shuiji,27.4214,118.345,65.91,41,0,1.7,CN,2022-03-08 05:56:31,Century Hotel
544,544,Balabag,11.97,121.9192,80.8,81,77,17.2,PH,2022-03-08 05:56:32,Astoria Boracay
545,545,Boffa,10.1667,-14.0333,73.51,64,25,3.36,GN,2022-03-08 05:56:32,Hôtel Niara Belly
550,550,Ambikapur,23.1167,83.2,87.01,11,19,9.42,IN,2022-03-08 05:56:35,Hotel Birendra Prabha
557,557,San Cristobal,7.7669,-72.225,68.18,92,63,3.15,VE,2022-03-08 05:57:38,Pirineos
558,558,Mandurah,-32.55,115.7,92.14,44,52,9.6,AU,2022-03-08 05:57:39,Atrium Hotel Mandurah
561,561,Banepa,27.6298,85.5214,73.72,29,20,3.44,NP,2022-03-08 05:57:40,Dhulikhel Lodge Resort
563,563,Grand Gaube,-20.0064,57.6608,81.37,83,55,5.99,MU,2022-03-08 05:57:41,Veranda Paul et Virginie Hotel & Spa
565,565,Kalmunai,7.4167,81.8167,84.0,65,74,12.35,LK,2022-03-08 05:57:42,VS Villa
